timestamp,acc_x,acc_y,acc_z,accz_vert,accz_vert_lpf2,accz_vert_hpf0p1,mag_g_filtered,g_baseline,takeoff,landing
2025-10-16T21:05:26.431690,46,439,898,10.318974644922347,2.0725520511255198,10.190911869472286,0.06107301682185272,,0,0
2025-10-16T21:05:27.514875,45,432,893,10.033230931830133,7.767344865929484,8.79940261227233,0.06060941604018881,,0,0
2025-10-16T21:05:27.712559,45,446,886,10.234905165301381,9.526684840218687,8.0065901318104,0.060604467995310746,,0,0
2025-10-16T21:05:27.945423,30,433,917,10.150992660351935,9.973292942567625,7.038227832718563,0.061922203996791665,,0,0
2025-10-16T21:05:28.191239,54,440,897,10.184540366579618,10.1244120029439,6.2823163795281465,0.06106947887486583,,0,0
2025-10-16T21:05:28.413915,42,436,899,10.17167487464607,10.158222217651707,5.569559410486008,0.06103701779387751,,0,0
2025-10-16T21:05:28.627573,33,437,888,10.167492181282606,10.1648536272425,4.944084709090384,0.06044027727643504,,0,0
2025-10-16T21:05:28.858720,46,444,885,10.159010356041462,10.160673554242535,4.384615811020601,0.06049803332805097,,0,0
2025-10-16T21:05:29.076654,47,434,895,10.173152074859518,10.169600253913995,3.9077013017576516,0.06077796152432104,,0,0
2025-10-16T21:05:29.309815,52,421,895,10.180888005558787,10.177675118875307,3.478336568095285,0.06045161721643337,0.06084834908681277,0,0
2025-10-16T21:05:29.517412,41,436,882,10.165405268107493,10.168897694356824,3.0762774101577577,0.06010339198172443,0.06084834908681277,0,0
2025-10-16T21:05:29.717923,40,439,904,10.17694824763071,10.174656780186858,2.7431109067729738,0.06138622787429823,0.06084834908681277,0,0
2025-10-16T21:05:29.918625,33,437,900,10.175756976726102,10.175443822528404,2.435824856841037,0.061097929145725954,0.06084834908681277,0,0
2025-10-16T21:05:30.142264,32,445,903,10.174659275410464,10.174882584805205,2.1629258740752375,0.06147479601915794,0.06084834908681277,0,0
2025-10-16T21:05:30.360054,48,426,896,10.176151764156083,10.17579051157331,1.9227930606698964,0.060624718616265186,0.06084834908681277,0,0
2025-10-16T21:05:30.620496,69,438,1022,10.240408486182975,10.222015963325452,1.7652250595377341,0.06799571171204695,0.06084834908681277,0,0
2025-10-16T21:05:30.821012,271,270,959,10.24629774212792,10.23938630340915,1.5733955939206166,0.06301778649355248,0.06084834908681277,0,0
2025-10-16T21:05:31.043844,467,526,441,9.89519363973676,9.993162842148736,1.0858407221077622,0.050671899876101746,0.06084834908681277,0,0
2025-10-16T21:05:31.275584,710,610,316,9.804498118029327,9.858198659894587,0.8840519552767632,0.06030001614888293,0.06084834908681277,0,0
2025-10-16T21:05:31.493608,643,254,384,9.934163508335297,9.912541270563935,0.9005507950999195,0.048268776489096436,0.06084834908681277,0,0
2025-10-16T21:05:31.709996,838,427,-151,9.595695981495753,9.685881170008509,0.49933498361248113,0.058139758851207674,0.06084834908681277,0,0
2025-10-16T21:05:31.927877,686,475,-547,9.375604688407503,9.463920165865146,0.24807026201536783,0.0608955312136937,0.06084834908681277,0,0
2025-10-16T21:05:32.152624,-1605,-206,-5636,6.817432718193524,7.570715085328691,-2.0522130149445625,0.357891738022175,0.06084834908681277,0,0
2025-10-16T21:05:32.392942,0,260,-2729,8.275787535133594,8.075099394912824,-0.5275627123477143,0.1673191839863066,0.06084834908681277,0,0
2025-10-16T21:05:32.610630,-34,490,-3872,7.603825650161974,7.7379665478741115,-1.065615414952644,0.23822202102715306,0.06084834908681277,0,0
2025-10-16T21:05:32.842704,-3898,553,-9377,4.486683381958435,5.412111644088462,-3.71581464368775,0.6207258646444507,0.06084834908681277,0,0
2025-10-16T21:05:33.047391,-3550,171,-6102,6.280384298259856,6.033243704100455,-1.707538154509124,0.4310056451952748,0.06084834908681277,0,0
2025-10-16T21:05:33.276539,-5642,173,-10359,3.7405119888747396,4.393103171640627,-3.7732498975608193,0.7200363041331286,0.06084834908681277,0,0
2025-10-16T21:05:33.493960,-3310,410,-12540,2.659745115672985,3.1531191011195725,-4.312137580940525,0.7919903624639403,0.06084834908681277,0,0
2025-10-16T21:05:33.694348,-8190,-80,-10489,3.1574109452936856,3.1561893371799967,-3.3886423898197915,0.8122530089529856,0.06084834908681277,0,0
2025-10-16T21:05:33.929783,-4399,299,-10230,3.67396611987159,3.5265888402790857,-2.5514611509341125,0.6799149351961348,0.06084834908681277,0,0
2025-10-16T21:05:34.153588,-4864,557,-9923,3.6274443674238195,3.5987373768453867,-2.30795653195776,0.6753552422596178,0.06084834908681277,0,0
2025-10-16T21:05:34.343332,-5841,377,-8016,4.36092495140003,4.135718399250142,-1.4067622186833455,0.6058047992516353,0.06084834908681277,0,0
2025-10-16T21:05:34.576802,-6316,-103,-11517,2.4915378355476028,2.959528805281142,-2.9104157099987917,0.8017328562784484,0.06084834908681277,0,0
2025-10-16T21:05:34.807876,-5516,440,-8346,4.101549246888791,3.7764905120257866,-1.1552333894753126,0.6111919629251673,0.06084834908681277,0,0
2025-10-16T21:05:35.032460,-6082,801,-9994,3.014999765169893,3.2317465148466398,-1.9915209657725643,0.7157328163161812,0.06084834908681277,0,0
2025-10-16T21:05:35.243368,-2416,231,-5323,6.492685053503461,5.564508536496797,1.3202560537839936,0.3570673805335951,0.06084834908681277,0,0
2025-10-16T21:05:35.476045,-2649,178,-1970,7.994240046437019,7.302653957517177,2.50679757312669,0.20178360197195053,0.06084834908681277,0,0
2025-10-16T21:05:35.693652,-1354,-98,-1438,8.71079402338496,8.309988388350499,2.863512017383506,0.12070099912086109,0.06084834908681277,0,0
2025-10-16T21:05:35.927442,-11707,14,-15913,-1.4542126405917855,1.3250185515819668,-6.486390745960364,1.2057766829479926,0.06084834908681277,0,0
2025-10-16T21:05:36.143606,-4310,2476,-11532,2.451741712540611,2.1310371157590673,-2.292368829824208,0.7664560070470865,0.06084834908681277,0,0
2025-10-16T21:05:36.376904,-15999,-791,-15999,-2.4918299203177394,-1.1760011878025654,-6.4281547172486775,1.3818252657420949,0.06084834908681277,0,0
2025-10-16T21:05:36.593588,-10322,1669,-13727,-0.20352921094561216,-0.48032855618487047,-3.6777005292808678,1.053205391817955,0.06084834908681277,0,0
2025-10-16T21:05:36.827434,-15999,-2932,-15999,-2.359769505748574,-1.824815248314371,-5.182667605114774,1.3925283270622195,0.06084834908681277,0,0
2025-10-16T21:05:37.043963,-130,-874,-2563,8.565529718205338,5.608076185366178,5.101551722328159,0.1654688301302362,0.06084834908681277,0,0
2025-10-16T21:05:37.260870,-960,-890,-1405,8.963339504537462,8.008314874569615,4.885439122400535,0.11720855841573798,0.06084834908681277,0,0
2025-10-16T21:05:37.476017,550,-291,-768,9.589810075557482,9.139661540123784,4.896586487898586,0.06032932328518846,0.06084834908681277,0,0
2025-10-16T21:05:37.709884,298,-238,-420,9.700346564320013,9.54075610693267,4.448151743130287,0.03462625061971582,0.06084834908681277,0,0
2025-10-16T21:05:37.926479,-968,-1612,-1174,9.199128555936943,9.296367638071665,3.5063169516844486,0.13529780257400814,0.06084834908681277,0,0
2025-10-16T21:05:38.128320,-1372,-1918,-1321,9.068644188102136,9.13346220172852,2.998970798672098,0.1649773499266406,0.06084834908681277,0,0
2025-10-16T21:05:38.327101,184,-124,205,9.978646140066637,9.73702388790144,3.474958169347571,0.0184379721435612,0.06084834908681277,0,0
2025-10-16T21:05:38.576888,-3,-23,-10,9.804234585566572,9.785104083557753,2.9320893947579076,0.0015416663745501818,0.06084834908681277,1,0
2025-10-16T21:05:38.778136,8,-22,-20,9.801753120866893,9.797014225828573,2.602560528574528,0.001879248574016193,0.06084834908681277,0,0
2025-10-16T21:05:39.010967,13,-40,33,9.833203670640994,9.82290289605104,2.3399626939847615,0.003262955665191323,0.06084834908681277,0,0
2025-10-16T21:05:39.236480,-1417,415,1028,9.89990185800723,9.877985275564967,2.137992784360055,0.10981067669635212,0.06084834908681277,0,1
2025-10-16T21:05:39.428460,1343,31,714,10.522780432811361,10.333829018635088,2.4636897851773503,0.09285383254611543,0.06084834908681277,0,0
2025-10-16T21:05:39.661658,2471,22,-1480,9.692167607528273,9.874806760826765,1.4507680677464645,0.17580588486028112,0.06084834908681277,0,0
2025-10-16T21:05:39.861917,4349,138,-1168,10.314173973672066,10.189114784585461,1.8413798211469128,0.2749772249349245,0.06084834908681277,0,0
2025-10-16T21:05:40.093221,-90,104,-324,9.600296430496593,9.767894611992194,1.0016333224726117,0.021483334602827454,0.06084834908681277,0,0
2025-10-16T21:05:40.676038,0,-27,-117,9.751632492425072,9.756261257217792,1.024257403084484,0.0073287949571006475,0.06084834908681277,1,0
2025-10-16T21:05:40.894361,916,-6421,1581,11.911475144465648,11.298026318136625,2.8286423713823545,0.4074655924499984,0.06084834908681277,0,1
2025-10-16T21:05:41.095681,1034,-147,-8,10.110480575680203,10.448497394443464,0.9129261225961754,0.06374680141764692,0.06084834908681277,0,0
2025-10-16T21:05:41.329428,-1383,166,845,9.827757928208037,10.004441968372833,0.5598505767615283,0.09943805247740176,0.06084834908681277,0,0
2025-10-16T21:05:41.543947,-1455,517,1175,9.91678329256926,9.941734000295966,0.5764385380654529,0.11842926467305663,0.06084834908681277,0,0
2025-10-16T21:05:41.791639,-222,-10,-220,9.638751260432334,9.724990685329805,0.2650938324651485,0.019085957836713352,0.06084834908681277,0,0
2025-10-16T21:05:42.026631,62,84,34,9.825044416620209,9.79656564502677,0.40099630661401303,0.006701649038725979,0.06084834908681277,1,0
2025-10-16T21:05:42.254562,72,-20,-124,9.76603016796397,9.77472162669872,0.3038048185184638,0.00883640677287786,0.06084834908681277,0,0
2025-10-16T21:05:42.828761,-742,199,757,9.961425693007152,9.908283222542645,0.4434720075251019,0.06582788033375431,0.06084834908681277,0,1
2025-10-16T21:05:43.059204,120,-434,55,9.943004903965475,9.933121905882066,0.37760053572270424,0.0276874333029949,0.06084834908681277,0,0
2025-10-16T21:05:43.277437,1562,-284,-1457,9.545095611568913,9.655541389707048,-0.01804158432311325,0.1315211883388864,0.06084834908681277,0,0
2025-10-16T21:05:43.510411,2811,-90,-2989,9.050981658887185,9.223060383653952,-0.45498094520559146,0.2504966541102998,0.06084834908681277,0,0
2025-10-16T21:05:43.727747,364,84,-925,9.41461657733146,9.360093022670451,-0.08114859372543735,0.060887792071583874,0.06084834908681277,0,0
2025-10-16T21:05:44.246675,52,43,-2,9.811646874744449,9.683118944306477,0.2806181828227634,0.004120212117123455,0.06084834908681277,0,0
2025-10-16T21:05:44.478700,300,11755,-15999,-0.37634766823752996,2.4869263777743296,-8.8013643027551,1.2118791579784578,0.06084834908681277,0,0
2025-10-16T21:05:44.694301,-167,788,-835,9.194015141023819,7.28494441990202,0.683151195431856,0.07081282940659162,0.06084834908681277,0,0
2025-10-16T21:05:44.928111,1140,-1739,137,10.511938970995082,9.593424093352901,1.7776845913053352,0.12718897699159262,0.06084834908681277,0,0
2025-10-16T21:05:45.144846,910,-1328,293,10.447705757787833,10.204547485886003,1.5221698707584645,0.09987285771775846,0.06084834908681277,0,0
2025-10-16T21:05:45.380812,546,-552,-764,9.674140238678415,9.825112587734406,0.6650337463696754,0.06648395704055104,0.06084834908681277,0,0
2025-10-16T21:05:45.594506,2,-151,-1304,9.175059302956928,9.360087075354633,0.14742663349849383,0.08012177277997434,0.06084834908681277,0,0
2025-10-16T21:05:45.844147,773,-354,-5190,7.365846107245502,7.93347644247223,-1.476272667532333,0.32099470318712686,0.06084834908681277,0,0
2025-10-16T21:05:46.076279,5428,-342,-9321,6.111324069973474,6.6299720059931335,-2.4259418598115623,0.6586742271632005,0.06084834908681277,0,0
2025-10-16T21:05:46.294113,7961,-338,-11794,5.0140929556539655,5.474028330414392,-3.129862813291813,0.8687389195545168,0.06084834908681277,0,0
2025-10-16T21:05:46.494978,8059,-129,-11995,4.533269963409191,4.801042512348869,-3.2076061312365005,0.8820459595223221,0.06084834908681277,0,0
2025-10-16T21:05:46.695776,9379,-389,-12550,4.135640979659461,4.325037397194194,-3.20276392967967,0.9565583092012921,0.06084834908681277,0,0
2025-10-16T21:05:46.925831,7154,511,-10274,4.705939224237924,4.597521317259356,-2.3385898210396814,0.764758361573818,0.06084834908681277,0,0
2025-10-16T21:05:47.159616,11784,269,-12794,3.3912020438975996,3.7345624624622866,-3.245487068154599,1.061768695605285,0.06084834908681277,0,0
2025-10-16T21:05:47.377876,2825,-374,-4062,7.73136146595049,6.593733468901082,0.9724683739236176,0.30284968610399005,0.06084834908681277,0,0
2025-10-16T21:05:47.594629,-376,-36,-340,9.582475348508176,8.731775467121174,2.5083710535134927,0.031018352244507694,0.06084834908681277,0,0
2025-10-16T21:05:47.827332,1067,-188,-120,9.854022455391151,9.534591933029114,2.46958140803898,0.06653204391278157,0.06084834908681277,0,0
2025-10-16T21:05:48.060565,1059,-213,257,10.076102860552517,9.921970017914903,2.391177576846377,0.06777098703489123,0.06084834908681277,0,0
2025-10-16T21:05:48.293618,253,-124,-324,9.655188207686926,9.73112358901433,1.75031220534835,0.026206835839428174,0.06084834908681277,0,0
2025-10-16T21:05:48.527935,5,-1730,-484,9.735163770583158,9.734013794399255,1.6259632057561482,0.10964572983331644,0.06084834908681277,0,0
2025-10-16T21:05:48.745226,-36,-9,-19,9.793618063385273,9.77665261551487,1.4963771945076778,0.0025445145978608193,0.06084834908681277,0,0
2025-10-16T21:05:48.980347,29,-5,-44,9.784520573343334,9.782281078913554,1.3212469197936634,0.003230830143521984,0.06084834908681277,1,0
2025-10-16T21:05:49.226188,54,25,-99,9.751937717726001,9.760574493601249,1.144803778555819,0.007050022919259118,0.06084834908681277,0,0
2025-10-16T21:05:49.476761,25,32,-203,9.688335311595798,9.708897095128476,0.9605012283195135,0.012635604125307216,0.06084834908681277,0,0
2025-10-16T21:05:49.697907,636,2866,443,9.819408738623766,9.787953281511596,0.9697164876063238,0.18121070641422524,0.06084834908681277,0,1
2025-10-16T21:05:49.943902,-561,1763,-1755,8.547787701684706,8.900781956176054,-0.26820137105337627,0.15564461494450252,0.06084834908681277,0,0
2025-10-16T21:05:50.193586,-645,529,264,9.839896174269532,9.572591607290335,0.9096030154860815,0.053403564407922245,0.06084834908681277,0,0
2025-10-16T21:05:50.411637,-146,319,300,9.93225620979401,9.829883155507636,0.8901086936907503,0.02817398943929257,0.06084834908681277,0,0
2025-10-16T21:05:50.611562,-321,2411,2701,11.085135803428225,10.727751372012007,1.814994838859207,0.22184716002996002,0.06084834908681277,0,0
2025-10-16T21:05:51.128858,8,-1,3,9.809278650627936,10.070707929773763,0.4789509363377706,0.0005250442667872697,0.06084834908681277,0,0
2025-10-16T21:05:51.344233,13,17,-42,9.7817712594672,9.86401268447459,0.4010465494384949,0.0028770809935040713,0.06084834908681277,1,0
2025-10-16T21:05:51.561048,-6,15,-126,9.731220864967273,9.769018035032321,0.311368442480332,0.007753386972561082,0.06084834908681277,0,0
2025-10-16T21:05:51.795517,1178,-148,1374,10.737467763311043,10.461813289902892,1.1705230733058953,0.110833256059395,0.06084834908681277,0,1
2025-10-16T21:05:52.011826,31,-415,222,9.979837806906689,10.117024791508456,0.3667997063848409,0.02878828464321593,0.06084834908681277,0,0
2025-10-16T21:05:52.228555,-1702,532,1145,10.261693681038999,10.220515883784657,0.5762427774627095,0.12934346180893175,0.06084834908681277,0,0
2025-10-16T21:05:52.466318,-3326,703,2263,10.74385548829428,10.594894836148573,0.9402493648338155,0.24925710149824123,0.06084834908681277,0,0
2025-10-16T21:05:52.693526,-185,155,61,9.812961281269823,10.035526765069754,0.008310792786781224,0.015194076644731765,0.06084834908681277,0,0
2025-10-16T21:05:52.910633,38,-20,80,9.858405617139349,9.908820455758779,0.04775416348854948,0.0055417770814532065,0.06084834908681277,1,0
2025-10-16T21:06:04.317334,-86,552,812,10.252066319446573,2.0591136047707335,10.124833904197597,0.06015738449017739,,0,0
2025-10-16T21:06:04.512218,-82,561,824,9.836921147184922,7.581820440662966,8.65044804259147,0.061048002798433684,,0,0
2025-10-16T21:06:04.744585,-96,582,795,10.081373334825335,9.369913651708103,7.901916159938122,0.06042064305626207,,0,0
2025-10-16T21:06:04.963179,-99,571,807,9.940004524328744,9.777736835363262,6.894197003142591,0.06063992518134458,,0,0
2025-10-16T21:06:05.178260,-104,577,791,9.999749901324837,9.936557261582823,6.177637550349895,0.0600948689396752,,0,0
2025-10-16T21:06:15.441489,-108,501,824,10.265055678161453,2.0617224998377037,10.13766205955792,0.05922740988709514,,0,0
2025-10-16T21:06:15.662206,-19,416,919,10.080602334580567,7.7981502530481315,8.842080153828274,0.06158135730436332,,0,0
2025-10-16T21:06:15.878661,-13,333,951,10.348175878197086,9.622349900500673,8.092695578374407,0.061505118170651754,,0,0
2025-10-16T21:06:16.080173,193,613,793,9.78802920453405,9.740871112612107,6.691651213058216,0.06229973537173027,,0,0
2025-10-16T21:06:16.311659,226,765,1041,10.095604100571432,9.994634755296046,6.217866020637928,0.0800464381351795,,0,0
2025-10-16T21:06:16.512325,92,36,471,10.072680854138577,10.05046622012114,5.503369026108436,0.02937313327539433,,0,0
2025-10-16T21:06:16.724083,-773,1384,663,9.312945296350582,9.52286940075485,4.214076941835179,0.1048766931776785,,0,0
2025-10-16T21:06:16.961326,-400,3310,629,7.926064229034774,8.380570514588948,2.51158126453686,0.20708591711100552,,0,0
2025-10-16T21:06:17.162698,-12,66,5,9.76747241852416,9.372711902996404,3.8670425547778757,0.004105720229209507,,0,0
2025-10-16T21:06:17.394522,44,6,-71,9.850311192512164,9.714369824770168,3.5089354904208183,0.005111307157969809,0.06752128298202777,0,0
2025-10-16T21:06:17.612711,30,25,-49,9.831034313220739,9.797827542450683,3.1000898332989744,0.0038243286615772805,0.06752128298202777,0,0
2025-10-16T21:06:17.849703,-16,25,-137,9.877039965289303,9.854493354900168,2.794880449815458,0.008555814067917594,0.06752128298202777,1,0
2025-10-16T21:06:18.062916,-26,437,-867,10.191470188920182,10.09555486257936,2.7622021181605976,0.059280629200517694,0.06752128298202777,0,1
2025-10-16T21:06:18.294982,-2925,-653,149,10.462540553711657,10.358083662988792,2.6946524671598,0.18314854433101896,0.06752128298202777,0,0
2025-10-16T21:06:18.512113,-1472,464,366,9.94775013936393,10.064545330764892,1.936512691059443,0.09681407181490158,0.06752128298202777,0,0
2025-10-16T21:06:18.746257,-4052,608,195,10.733968440979037,10.54342734261836,2.418778341892489,0.2503661291009778,0.06752128298202777,0,0
2025-10-16T21:06:18.962833,39,-12,-283,9.937442058478945,10.109926545298341,1.4411515184673276,0.017451572509675318,0.06752128298202777,0,0
2025-10-16T21:06:19.210887,13,-1,-62,9.833522493746285,9.912196699596786,1.187949781481262,0.003866951675160439,0.06752128298202777,1,0
2025-10-16T21:06:19.396118,14,1,-69,9.836179183274659,9.859023172014151,1.0664846474044962,0.0042976725445029165,0.06752128298202777,0,0
2025-10-16T21:06:19.895700,-170,-188,83,9.847050789019894,9.850458545595538,0.9570853597480213,0.016278546458467703,0.06752128298202777,0,0
2025-10-16T21:06:20.095582,-948,683,1646,9.142780214742892,9.344295131827572,0.22460654703255611,0.12320198394788842,0.06752128298202777,0,1
2025-10-16T21:06:20.347974,-402,1797,-1004,10.123842392087804,9.901956130726845,1.0710736410859019,0.1280113862056533,0.06752128298202777,0,0
2025-10-16T21:06:20.563403,282,-117,-413,9.948429291302068,9.935201413559003,0.7956732862682461,0.031347480369383444,0.06752128298202777,0,0
2025-10-16T21:06:20.763396,54,109,-200,9.87137190531766,9.889540458125758,0.6383955564811259,0.014287572658951468,0.06752128298202777,1,0
2025-10-16T21:06:21.262781,14,-2,60,9.773070776117882,9.806222098199369,0.47980087155128615,0.0037624597186089945,0.06752128298202777,0,0
2025-10-16T21:06:21.462304,-601,1781,638,9.4010600152293,9.516580329295627,0.09578244091217301,0.12115449304809717,0.06752128298202777,0,1
2025-10-16T21:06:21.694939,316,578,-1252,10.253486607281104,10.04373745244342,0.8423555168287725,0.08634790047311404,0.06752128298202777,0,0
2025-10-16T21:06:21.912330,1179,786,-1928,10.306259115781423,10.231536320418272,0.7952002187187043,0.14603891669616947,0.06752128298202777,0,0
2025-10-16T21:06:22.114060,2541,-938,-2298,10.342207077277994,10.310706330968664,0.7383627771590012,0.2168022447213178,0.06752128298202777,0,0
2025-10-16T21:06:22.345317,52,40,-122,9.848238441676283,9.979872886674942,0.21711114982516344,0.008454636020958394,0.06752128298202777,0,0
2025-10-16T21:06:22.812838,-17,42,-193,9.904472067974158,9.925933763265714,0.24282987417217952,0.012100056169710542,0.06752128298202777,1,0
2025-10-16T21:06:23.061645,-109,8,-197,9.93646822502928,9.933469750843908,0.2441457690492912,0.013750395769145555,0.06752128298202777,0,0
2025-10-16T21:06:23.262993,-1228,781,143,10.018807038244555,9.994517078390556,0.2900374068051539,0.0892532263982046,0.06752128298202777,0,1
2025-10-16T21:06:23.494724,82,1826,1236,8.92476159120246,9.229251206807419,-0.7142524324528426,0.13467481566707387,0.06752128298202777,0,0
2025-10-16T21:06:23.711982,1227,3755,763,8.530415269171247,8.729328281135405,-0.9848400978317058,0.2455686613680353,0.06752128298202777,0,0
2025-10-16T21:06:23.945768,43,8,4,9.789825400459469,9.487971038336086,0.2439183496438427,0.0026806874091794127,0.06752128298202777,0,0
2025-10-16T21:06:24.170354,75,-6,-40,9.802436213505349,9.712928488183815,0.2278914753044371,0.0052008973126886435,0.06752128298202777,1,0
2025-10-16T21:06:24.394826,-2,1,-17,9.815374719170343,9.786214958957045,0.21394487505907997,0.0010465349242848052,0.06752128298202777,0,0
2025-10-16T21:06:24.861949,614,499,-661,9.86149398104392,9.840066953304524,0.2310318219493887,0.06292597328178993,0.06752128298202777,0,1
2025-10-16T21:06:25.063552,642,-723,-181,9.779974030209424,9.797078566033681,0.13282108173062177,0.06003992054015282,0.06752128298202777,0,0
2025-10-16T21:06:25.264101,2930,-1422,300,8.902925187486735,9.157432335883128,-0.661145737337232,0.19962307160747306,0.06752128298202777,0,0
2025-10-16T21:06:25.495820,-5,364,-119,9.821716996049572,9.632638479277462,0.22888369751946017,0.023375907074571257,0.06752128298202777,0,0
2025-10-16T21:06:25.712542,125,35,-139,9.83062303247055,9.77426974312595,0.21124402665080289,0.011608078022897067,0.06752128298202777,1,0
2025-10-16T21:06:26.196379,28,18,-86,9.837519180522357,9.819516190950708,0.19378805011839242,0.005628487247753175,0.06752128298202777,0,0
2025-10-16T21:06:26.411614,111,31,-252,9.892708309617205,9.871875287169567,0.22118255910214235,0.0169130169058538,0.06752128298202777,0,0
2025-10-16T21:06:26.615776,481,-408,-1445,10.42888311367333,10.270339314634827,0.6728096135860109,0.0962315586927259,0.06752128298202777,0,1
2025-10-16T21:06:26.816004,-1208,-658,-84,10.304513127442874,10.294786071821004,0.4872144534484939,0.08411530335928141,0.06752128298202777,0,0
2025-10-16T21:06:27.046481,184,-2822,292,9.963321713660063,10.057667997658534,0.12972172671884713,0.17352461302526842,0.06752128298202777,0,0
2025-10-16T21:06:27.262494,-337,4,183,9.820146211991297,9.88775317272372,-0.011951859935158394,0.023407121680291826,0.06752128298202777,0,0
2025-10-16T21:06:27.762793,-21,14,-55,9.83847066298861,9.852498179206112,0.005661185509825325,0.0036935095875017744,0.06752128298202777,1,0
2025-10-16T21:06:27.980290,-1,-2,-258,9.93410036115177,9.910873542209742,0.08998325443040014,0.015747661727326733,0.06752128298202777,0,0
2025-10-16T21:06:28.213139,369,-639,1523,9.029649946116702,9.2804768287548,-0.7235439467040726,0.10329217004685401,0.06752128298202777,0,1
2025-10-16T21:06:28.414679,-441,1369,665,9.40405488786791,9.368880274447168,-0.31016279822059833,0.09671457219999564,0.06752128298202777,0,0
2025-10-16T21:06:28.613608,553,-2289,738,9.638217387827506,9.561259870979445,-0.0675563745187858,0.1506217814928681,0.06752128298202777,0,0
2025-10-16T21:06:28.845147,22,-270,-331,10.002833982709433,9.877146633448728,0.26389783977386905,0.026105999955031694,0.06752128298202777,0,0
2025-10-16T21:06:29.093470,62,1,-145,9.858353457910193,9.863702649257428,0.1060861377362334,0.009625381536476765,0.06752128298202777,1,0
2025-10-16T21:06:29.344557,37,15,-83,9.833688511427454,9.842231578885407,0.07233171933066432,0.005621533385283095,0.06752128298202777,0,0
2025-10-16T21:06:29.698540,4,22,-125,9.862949765601062,9.857052649124787,0.09025162039941749,0.007750503600586117,0.06752128298202777,0,0
2025-10-16T21:06:29.895837,132,-356,-316,9.958557775708531,9.92938382811638,0.16536063915340313,0.030150131632705725,0.06752128298202777,0,0
2025-10-16T21:06:30.096194,3022,-274,2294,7.727637799406107,8.354331291489927,-1.8349701832578535,0.2321743649018614,0.06752128298202777,0,1
2025-10-16T21:06:30.280197,1634,-873,2455,8.194913943654937,8.243043569445739,-1.2259579787961872,0.18771768887103868,0.06752128298202777,0,0
2025-10-16T21:06:30.462983,78,145,-407,9.956419820622946,9.436735624221091,0.4803775755769928,0.026797005566871118,0.06752128298202777,0,0
2025-10-16T21:06:30.662298,83,45,-96,9.81892237586526,9.709871546398206,0.3047191443736816,0.00821824270213009,0.06752128298202777,1,0
2025-10-16T21:06:31.048071,-34,30,-35,9.831383110853887,9.796796693681191,0.28177143638123886,0.003496094602446212,0.06752128298202777,0,0
2025-10-16T21:06:31.229831,-63,4,-32,9.842873061759775,9.828842770397332,0.2632027924226739,0.004319719794731567,0.06752128298202777,0,0
2025-10-16T21:06:31.430861,41,-1501,-334,10.12656708544479,10.041824391127475,0.4858438742609038,0.0938878238391535,0.06752128298202777,0,1
2025-10-16T21:06:31.661088,-415,2485,-1648,10.453511254804202,10.336330855758025,0.7220522782997455,0.1837488087790666,0.06752128298202777,0,0
2025-10-16T21:06:31.862784,-339,759,-642,10.1436889377562,10.198521527319224,0.36621058225640263,0.06410626800394043,0.06752128298202777,0,0
2025-10-16T21:06:32.063344,-34,460,-1132,10.315661561939084,10.282319434190708,0.4781030102525431,0.07460733380945751,0.06752128298202777,0,0
2025-10-16T21:06:32.246820,-14,236,-848,10.192314910718357,10.219542578019363,0.3180868687834289,0.053731602248088504,0.06752128298202777,0,0
2025-10-16T21:06:32.662602,-1395,-497,-2200,11.393968448858287,11.059686001840198,1.350083864860343,0.16186442885622768,0.06752128298202777,0,0
2025-10-16T21:06:32.877739,-7321,-286,-10645,17.415311231363848,15.606279255137522,6.54851587302184,0.7887359122682231,0.06752128298202777,0,0
2025-10-16T21:06:33.063968,-5839,190,-8584,15.868528699293748,15.790016135025066,4.477782896873839,0.6337526807643691,0.06752128298202777,0,0
2025-10-16T21:06:33.250254,-5564,503,-7757,15.298555114937564,15.44565778050701,3.4983393734382107,0.5834595545097814,0.06752128298202777,0,0
2025-10-16T21:06:33.447374,-7105,838,-8143,15.721227660533716,15.641974481369395,3.488897490219554,0.6615820109517966,0.06752128298202777,0,0
2025-10-16T21:06:33.662338,-10922,232,-11071,18.137417567407187,17.427127678613097,5.245871715384027,0.9493094918947218,0.06752128298202777,0,0
2025-10-16T21:06:33.865929,-7136,727,-8050,15.48224830749442,16.03582861552028,2.3014888383909433,0.6580867183316341,0.06752128298202777,0,0
2025-10-16T21:06:34.063765,-7409,661,-7824,15.26282838333374,15.484567448992802,1.8518735753176652,0.658911694338412,0.06752128298202777,0,0
2025-10-16T21:06:34.262990,-6299,554,-6220,14.064845950443203,14.470071365151846,0.5811452618735425,0.5413674439728895,0.06752128298202777,0,0
2025-10-16T21:06:58.074583,173,684,699,10.161583307788703,2.040940214695024,10.035473824420336,0.06061826619376913,,0,0
2025-10-16T21:06:58.281554,163,695,704,9.583964818879089,7.436957685254624,8.402025652858937,0.06119394627671025,,0,0
2025-10-16T21:06:58.513978,166,675,696,9.94663965654689,9.232296885809493,7.786251295738851,0.0600381521777682,,0,0
2025-10-16T21:06:58.746490,164,683,703,9.729650403486945,9.588086295397678,6.724265872096401,0.06065537360382174,,0,0
2025-10-16T21:06:58.965126,168,687,701,9.836251815156258,9.765615277533705,6.068301968416095,0.06077808411107612,,0,0
2025-10-16T21:06:59.197985,172,674,718,9.819045095641457,9.80383711122603,5.375579949745136,0.06101635452596346,,0,0
2025-10-16T21:06:59.400281,148,428,913,10.199890816079893,10.087160157724627,5.1138058718304915,0.062203688359530225,,0,0
2025-10-16T21:06:59.601268,288,367,471,9.809487007200389,9.88852244275509,4.196104073687227,0.0404619355521489,,0,0
2025-10-16T21:06:59.832151,-424,916,923,9.791021377825906,9.818773571796322,3.7112668921563663,0.08348130212233701,,0,0
2025-10-16T21:07:00.048172,-883,2032,4114,11.18720754123422,10.797703642142137,4.5372814524351055,0.2851962557908862,0.08356433587140112,0,0
2025-10-16T21:07:00.249660,31,-5,-297,9.835976908483234,10.10971778381031,2.8303753619268783,0.018228474104304792,0.08356433587140112,0,0
2025-10-16T21:07:00.464623,24,12,-46,9.816363964493334,9.899862663728674,2.496982360359082,0.0032503727919175654,0.08356433587140112,1,0
2025-10-16T21:07:00.688139,4,12,-26,9.812849074350481,9.837616168045711,2.2151087012999584,0.0017647500359864454,0.08356433587140112,0,0
2025-10-16T21:07:00.899283,-49,-2,-18,9.818998383177638,9.824297652240325,1.973287401915904,0.003188466280910395,0.08356433587140112,0,0
2025-10-16T21:07:01.131272,-218,-785,531,9.831123281158701,9.829180469786841,1.7637703774769344,0.05935523808526436,0.08356433587140112,0,1
2025-10-16T21:07:01.363983,-151,-71,-161,9.93424860654697,9.904342560765878,1.6584844058453256,0.014152129956872496,0.08356433587140112,0,0
2025-10-16T21:07:01.566559,389,2202,485,8.830517840840345,9.136165701602136,0.4928236000778865,0.13965385266455266,0.08356433587140112,0,0
2025-10-16T21:07:01.781753,741,1025,-1064,9.860626857786597,9.654420017429867,1.3529197119107164,0.1008799062644234,0.08356433587140112,0,0
2025-10-16T21:07:02.014196,-679,2342,-3692,10.916769195993606,10.557460717800659,2.1401258981431717,0.2700546614297924,0.08356433587140112,0,0
2025-10-16T21:07:02.530455,51,18,-228,9.900987932215527,10.087842917800458,0.9988281830787473,0.01430216644422254,0.08356433587140112,0,0
2025-10-16T21:07:02.748727,19,-28,23,9.801134379737038,9.882741600818056,0.7986174073960809,0.0024972256525242656,0.08356433587140112,1,0
2025-10-16T21:07:02.982304,-4079,8441,-6835,11.141004153308586,10.782858871020736,1.8997567117926075,0.7081286807313898,0.08356433587140112,0,1
2025-10-16T21:07:03.197558,-696,557,-945,10.201043210049825,10.366648181544427,0.8526487647203336,0.0792914571931377,0.08356433587140112,0,0
2025-10-16T21:07:03.398873,18,-970,-585,10.39336742984313,10.38576220253543,0.9283172041618081,0.06914636728180769,0.08356433587140112,0,0
2025-10-16T21:07:03.631707,862,-1166,-1009,10.52235140860422,10.483473370258285,0.9392691415317124,0.10782134600298043,0.08356433587140112,0,0
2025-10-16T21:07:03.832211,2380,-1922,-4296,12.111476563779725,11.648090236216229,2.246136464121453,0.32189376646721435,0.08356433587140112,0,0
2025-10-16T21:07:04.031534,-70,19,89,9.7688277700203,10.305029643764485,-0.08577056671376408,0.007007622757706422,0.08356433587140112,0,0
2025-10-16T21:07:04.231884,-13,3,-26,9.820135529860334,9.958153258322634,-0.03061554413244439,0.0017836473628176828,0.08356433587140112,1,0
2025-10-16T21:07:04.446251,-2,3,-48,9.828784448693458,9.865607311101765,-0.019514376433594095,0.0029379410514059423,0.08356433587140112,0,0
2025-10-16T21:07:04.915208,349,-256,-842,10.23622486369494,10.130734218891448,0.3446198331266108,0.057783920079912475,0.08356433587140112,0,1
2025-10-16T21:07:05.131714,936,-415,1288,9.183340223431593,9.45300150300332,-0.6291975154490664,0.1004258335283581,0.08356433587140112,0,0
2025-10-16T21:07:05.364863,-431,-2960,17,10.839511116506525,10.444862260478793,0.9123269871995534,0.1825721603614109,0.08356433587140112,0,0
2025-10-16T21:07:05.566381,162,361,1503,8.951215166681152,9.376359075627459,-0.8670164608659101,0.09486155378980907,0.08356433587140112,0,0
2025-10-16T21:07:05.781543,0,164,-57,9.77845057551965,9.664001350714068,-0.03534008586249877,0.01059711640245281,0.08356433587140112,0,0
2025-10-16T21:07:06.265974,-56,143,-143,9.83290485596499,9.784829044245278,0.016980377424022693,0.012807787982414134,0.08356433587140112,1,0
2025-10-16T21:07:06.481905,23,36,-5,9.793094813409974,9.79074208803882,-0.020281070630948646,0.0026252213339363487,0.08356433587140112,0,0
2025-10-16T21:07:06.682117,577,-1430,-777,10.569945316292088,10.348156978405056,0.6721096435125323,0.10539055504029528,0.08356433587140112,0,1
2025-10-16T21:07:06.897372,-1262,-40,1160,9.46171964749148,9.714030540382748,-0.38743012047724673,0.10465071587042044,0.08356433587140112,0,0
2025-10-16T21:07:07.113898,-1447,-1156,3104,8.95059861035797,9.16789788827504,-0.7982412089034121,0.22061453366241143,0.08356433587140112,0,0
2025-10-16T21:07:07.316242,-70,-12,75,9.78596752159055,9.610043408726199,0.03298294341954301,0.006304373259435878,0.08356433587140112,0,0
2025-10-16T21:07:07.515750,44,-34,-190,9.900518093973206,9.817693141201502,0.13109958344327893,0.012083111245756175,0.08356433587140112,1,0
2025-10-16T21:07:07.748804,9,-12,-35,9.82573192457884,9.82344380725688,0.050026854149749445,0.0023241495074047573,0.08356433587140112,0,0
2025-10-16T21:07:07.965105,63,-24,-90,9.847010163339359,9.840302358807666,0.06334493376761029,0.006863402641842521,0.08356433587140112,0,0
2025-10-16T21:07:08.481428,1736,-265,-1437,10.27443133572079,10.150863130755827,0.4359793279916208,0.13849588428847828,0.08356433587140112,0,1
2025-10-16T21:07:08.715197,2794,-1653,-2691,11.15982344192037,10.872638247746055,1.1738598543947767,0.2573652578560092,0.08356433587140112,0,0
2025-10-16T21:07:08.917274,19,37,118,9.736267501928939,10.059718136884864,-0.22182121021924622,0.007636471327263843,0.08356433587140112,0,0
2025-10-16T21:07:09.132337,71,40,-84,9.821127982859892,9.889039038382636,-0.12167108927897066,0.007143199648479163,0.08356433587140112,1,0
2025-10-16T21:07:09.662423,699,9123,8786,2.4650515685427132,4.578176593859945,-6.642967577958202,0.7742364927581895,0.08356433587140112,0,1
2025-10-16T21:07:09.881654,-602,300,238,9.689834181574524,8.234878658907768,0.5168639904602124,0.0435471190304415,0.08356433587140112,0,0
2025-10-16T21:07:10.116131,142,1145,1531,8.679910637889616,8.553239059351341,-0.4380167456174513,0.11700854943290386,0.08356433587140112,0,0
2025-10-16T21:07:10.332562,-407,48,676,9.536535904404866,9.25665542520965,0.37187707004599835,0.04824978695214628,0.08356433587140112,0,0
2025-10-16T21:07:10.533076,-757,-121,263,9.83891044168047,9.673180414330691,0.5989813863960485,0.04946706439801531,0.08356433587140112,0,0
2025-10-16T21:07:10.765256,-922,-11,-1063,10.442995627087187,10.223879444906894,1.068761980364764,0.08588785124490263,0.08356433587140112,0,0
2025-10-16T21:07:11.249832,3956,126,-7976,12.738470308092312,12.022730296000704,2.9886693894532836,0.5434610481490769,0.08356433587140112,0,0
2025-10-16T21:07:11.481346,8501,381,-11600,13.167951503567794,12.84198171939651,3.0365646207418364,0.8780839294454077,0.08356433587140112,0,0
2025-10-16T21:07:11.714896,6371,-137,-8409,12.076635307409791,12.294479513475075,1.728090204887262,0.6439706242602049,0.08356433587140112,0,0
2025-10-16T21:07:11.931004,10456,795,-12359,12.13144560812906,12.177850727582918,1.5838660302148007,0.9892683151003928,0.08356433587140112,0,0
2025-10-16T21:07:12.148320,8774,70,-10796,11.830051599630284,11.929047327202015,1.1393029860664534,0.8491163730764317,0.08356433587140112,0,0
2025-10-16T21:07:12.365371,8265,258,-11065,11.6340321183888,11.718003706854565,0.8379798510663213,0.8431052243307952,0.08356433587140112,0,0
2025-10-16T21:07:12.581427,6522,580,-9479,11.234015982541349,11.371775721003656,0.38907154315145276,0.7031618876847678,0.08356433587140112,0,0
2025-10-16T21:07:12.814511,7980,682,-10488,10.756825093994717,10.931861429191432,-0.07828212361671291,0.8054413181225386,0.08356433587140112,0,0
2025-10-16T21:07:13.036460,7537,476,-9786,10.38424828234399,10.540118028824178,-0.40052720257992236,0.7544664786884138,0.08356433587140112,0,0
2025-10-16T21:07:13.267070,9652,-432,-10385,9.634276867228607,9.8921107651583,-1.0220624609429716,0.8657443801727501,0.08356433587140112,0,0
2025-10-16T21:07:13.482560,8939,245,-10490,9.329944366879074,9.489956474849658,-1.1783225789846212,0.8413245121561884,0.08356433587140112,0,0
2025-10-16T21:07:13.713276,9039,472,-10755,8.94450478286454,9.099759304119845,-1.3891912428770086,0.857964854268914,0.08356433587140112,0,0
2025-10-16T21:07:13.935018,6895,-2,-7970,8.90043582695618,8.957170220627896,-1.2732578930661012,0.6432246315496367,0.08356433587140112,0,0
2025-10-16T21:07:14.149223,2262,-76,-3633,9.74725611883586,9.522370194602278,-0.37883214929914805,0.2612497839516107,0.08356433587140112,0,0
2025-10-16T21:07:14.381420,5115,165,-7001,9.047668156423661,9.182784865674513,-0.9580304542338882,0.5292999260452002,0.08356433587140112,0,0
2025-10-16T21:07:14.599046,7900,-168,-9816,8.18018094041578,8.465556886098943,-1.621725618653732,0.769120663548047,0.08356433587140112,0,0
2025-10-16T21:07:14.815472,10270,-306,-11612,7.027851450432852,7.437072417936201,-2.464372879303615,0.9463502059095038,0.08356433587140112,0,0
2025-10-16T21:07:15.032595,12768,438,-13791,5.550640057971742,6.087584313953237,-3.501564677134513,1.1474046880043007,0.08356433587140112,0,0
2025-10-16T21:07:15.264821,10948,-168,-10662,5.641648774619786,5.768577537858144,-3.0298178238069724,0.9327904744958475,0.08356433587140112,0,0
2025-10-16T21:07:15.482718,10634,604,-11384,5.4697512077544745,5.554807573882661,-2.8442912152165163,0.9515265913703981,0.08356433587140112,0,0
2025-10-16T21:07:15.714653,8839,90,-10538,6.092307978175308,5.939316669927125,-1.9737106496993824,0.839506270003093,0.08356433587140112,0,0
2025-10-16T21:07:15.963995,4221,164,-5897,7.986592553426188,7.4038666368314505,-0.07055932781257364,0.44273989415334175,0.08356433587140112,0,0
2025-10-16T21:07:16.182554,2145,-84,-3792,8.944379976247527,8.505896303884146,0.7881821987921401,0.2659574629937076,0.08356433587140112,0,0
2025-10-16T21:07:16.415273,4247,-2317,1427,7.586208407404943,7.847983567644198,-0.5063584860554564,0.3078606686445126,0.08356433587140112,0,0
2025-10-16T21:07:16.663805,-2734,2202,-12068,12.10611078543036,10.894099690120363,3.565491069903951,0.7671033444057318,0.08356433587140112,0,0
2025-10-16T21:07:16.882084,15999,12070,-726,-1.4956386605431118,2.0309117643169348,-8.915858547534334,1.224024986082284,0.08356433587140112,0,0
2025-10-16T21:07:17.082058,-13224,-928,-4118,17.796746311459408,13.308824129775815,9.218274481236708,0.8472534576288057,0.08356433587140112,0,0
2025-10-16T21:07:17.282609,-1383,3111,-6275,10.412171557376402,11.236659619250611,1.62899426991012,0.43573559747942264,0.08356433587140112,0,0
2025-10-16T21:07:17.482695,-1766,2920,-5030,10.70148628012635,10.853815224696948,1.7041581621495083,0.3709916225243241,0.08356433587140112,0,0
2025-10-16T21:07:17.715231,429,-23,-734,9.630976568430059,9.979038977880567,0.5629109715405425,0.05190953024662487,0.08356433587140112,0,0
2025-10-16T21:07:17.932663,-1390,-501,-1157,10.780431083850825,10.552327019680853,1.5212052033086303,0.11454056534087932,0.08356433587140112,0,0
2025-10-16T21:07:18.165383,90,1167,-1704,9.70432027227899,9.945692484564173,0.3954061850867012,0.12617614372756178,0.08356433587140112,0,0
2025-10-16T21:07:18.381200,969,2655,-1708,8.940004713184852,9.22625842872392,-0.32772609794028323,0.20155699448866018,0.08356433587140112,0,0
2025-10-16T21:07:18.616228,-98,136,-457,9.879779173908998,9.693764441687968,0.5437222142309962,0.02971033172029979,0.08356433587140112,0,0
2025-10-16T21:07:18.844583,1,5,-178,9.822771294500624,9.78605145759043,0.4323798770150061,0.010868714522160719,0.08356433587140112,1,0
2025-10-16T21:07:19.064922,18,31,-158,9.807114721418285,9.80111938399479,0.37020230967587825,0.009888637168201025,0.08356433587140112,0,0
2025-10-16T21:07:19.282766,36,11,-151,9.79895410255058,9.799570416953749,0.3216250900088896,0.009498372515760299,0.08356433587140112,0,0
2025-10-16T21:07:19.516139,2294,-3154,26,8.994813722353033,9.22387546546088,-0.4286495936177105,0.2380435884034116,0.08356433587140112,0,1
2025-10-16T21:07:19.732475,1102,-85,403,9.155659227581035,9.175075941305634,-0.23790772228694948,0.07180489770275165,0.08356433587140112,0,0
2025-10-16T21:07:19.966463,2368,-1249,-875,8.720304468891939,8.849748245980974,-0.5981026813794805,0.17190961055802928,0.08356433587140112,0,0
2025-10-16T21:07:20.181805,169,75,-40,9.701199220351757,9.45884666128791,0.3400589962980547,0.011546135224427179,0.08356433587140112,0,0
2025-10-16T21:07:20.416151,89,35,-228,9.767676601205267,9.67977285981861,0.36115260262260396,0.015090626095194884,0.08356433587140112,1,0
2025-10-16T21:07:20.883368,-22,52,16,9.808594755990704,9.771927564172836,0.35718550328454096,0.0035818849490042016,0.08356433587140112,0,0
2025-10-16T21:07:21.115277,100,-6,-325,9.781684054833969,9.778907018280625,0.2934045046715531,0.020757427615444152,0.08356433587140112,0,0
2025-10-16T21:07:21.333194,-62,1268,-6,9.605612531856766,9.654938169527817,0.10423448944296229,0.0774859037192718,0.08356433587140112,0,1
2025-10-16T21:07:21.565080,-1414,1541,-853,10.392916998009023,10.182862557999098,0.792011815544396,0.13785957116427922,0.08356433587140112,0,0
2025-10-16T21:07:21.782370,-2487,-1644,-1124,11.612713212262408,11.20572798871984,1.7872194144821725,0.1944645690768906,0.08356433587140112,0,0
2025-10-16T21:07:21.983984,31,-69,-189,9.817941798836012,10.212954012898438,-0.006708929943292663,0.01242526481967918,0.08356433587140112,0,0
2025-10-16T21:07:22.483420,92,-5,-155,9.767746338942851,9.89446792638097,-0.05055185623013546,0.01100563895301816,0.08356433587140112,1,0
2025-10-16T21:07:22.699105,52,1430,246,9.506687167815041,9.617063057940275,-0.2768242643493354,0.08861917954931388,0.08356433587140112,0,1
2025-10-16T21:07:22.931929,403,-270,-912,9.698450248578677,9.67528462363966,-0.0755653603482607,0.0630482528611593,0.08356433587140112,0,0
2025-10-16T21:07:23.132786,132,-1321,-423,9.994792093797816,9.903849155961533,0.1961300552429073,0.08504267301591695,0.08356433587140112,0,0
2025-10-16T21:07:23.332453,-4,-937,-348,9.999557001190917,9.972282733993072,0.17850118943682808,0.061007348401647614,0.08356433587140112,0,0
2025-10-16T21:07:23.568748,-105,-920,-484,10.064989390860335,10.038601852164241,0.2167020023608447,0.0637716915121059,0.08356433587140112,0,0
2025-10-16T21:07:23.782624,-24,-954,-432,10.020801119604215,10.025867827164591,0.15325512421088877,0.06393606688831456,0.08356433587140112,0,0
2025-10-16T21:07:24.015234,-57,-904,-449,10.03225741674502,10.030438717333315,0.14632382695892188,0.06170488274186877,0.08356433587140112,0,0
2025-10-16T21:07:24.549264,-57,-914,-449,10.034006034362571,10.032990651871911,0.13154234587855151,0.062251251648571794,0.08356433587140112,0,0
2025-10-16T21:07:24.751507,-57,-935,-441,10.037014273624774,10.035869010940411,0.1195300020835805,0.06319290752835907,0.08356433587140112,0,0
2025-10-16T21:07:24.981602,-54,-924,-448,10.033986054057296,10.034522009071695,0.10349608136094761,0.06276230604775795,0.08356433587140112,0,0
2025-10-16T21:07:25.198736,-66,-906,-437,10.036791160710951,10.036145281237873,0.09443423238613613,0.061526374141301035,0.08356433587140112,0,0
2025-10-16T21:07:25.448050,-43,-922,-432,10.026128088636446,10.028979330028688,0.07441934909549719,0.06220069385866777,0.08356433587140112,0,0
2025-10-16T21:07:25.698896,-65,-935,-432,10.040838763159721,10.037463156043321,0.07917997456285043,0.0629897597974784,0.08356433587140112,0,0
2025-10-16T21:07:25.923281,-50,-926,-434,10.030968188943774,10.03281688246224,0.0615720307660533,0.062492727810259455,0.08356433587140112,0,0
2025-10-16T21:07:26.149896,-68,-919,-442,10.040610115608338,10.038391890421934,0.06326397221652323,0.06237987059916118,0.08356433587140112,0,0
2025-10-16T21:07:26.382285,-46,-915,-440,10.027281279434636,10.030443745726396,0.04436061655917976,0.062032290673354536,0.08356433587140112,0,0
2025-10-16T21:07:26.599941,-153,-934,-366,10.085263175577484,10.069659659331995,0.09091748463015076,0.061935528183930916,0.08356433587140112,0,0
2025-10-16T21:07:26.831772,-409,-3781,-2066,10.866402280096128,10.639621621115595,0.7747043672007252,0.2641602549667315,0.08356433587140112,0,0
2025-10-16T21:07:27.067661,105,42,-238,9.760228886660427,10.010534642402689,-0.294465411317698,0.016082850533817257,0.08356433587140112,0,0
2025-10-16T21:07:27.305589,26,12,-111,9.800140218100308,9.86002578835305,-0.22613688128037202,0.006996716359270827,0.08356433587140112,1,0
2025-10-16T21:07:27.517303,-10,-1,-47,9.817157717795954,9.829359461542056,-0.1857742951499675,0.0029334997169672646,0.08356433587140112,0,0
2025-10-16T21:07:27.749770,47,-11,91,9.772548437644053,9.788718830818942,-0.2046646560997677,0.006287213640157249,0.08356433587140112,0,0
2025-10-16T21:07:27.968235,-856,1233,151,10.08686728429938,10.002003865433355,0.0974129217785867,0.09207666652734223,0.08356433587140112,0,1
2025-10-16T21:07:28.201930,470,-361,-1280,9.736363082321757,9.811973687649205,-0.22483738155341398,0.08609248404428863,0.08356433587140112,0,0
2025-10-16T21:07:28.416976,812,18,-442,9.391409869068216,9.511116958202841,-0.5061819011283566,0.05643795189829701,0.08356433587140112,0,0
2025-10-16T21:07:28.669544,3456,-1590,-2504,8.35851162640399,8.686583189136671,-1.3672646061098594,0.27797511594707996,0.08356433587140112,0,0
2025-10-16T21:07:28.900951,-86,-186,-386,9.922526670124318,9.570734171798751,0.17478616085483942,0.026673690099471504,0.08356433587140112,0,0
2025-10-16T21:07:29.416733,100,11,-82,9.755559442198201,9.702951742390146,0.006946064695920511,0.007921648507576623,0.08356433587140112,1,0
2025-10-16T21:07:29.665700,88,0,-219,9.777392492512123,9.756204066127356,0.025566352413045324,0.014405460633933958,0.08356433587140112,0,0
2025-10-16T21:07:29.882213,257,-423,-747,9.79256811513744,9.782217642120447,0.036193736029689845,0.05469332391518216,0.08356433587140112,0,1
2025-10-16T21:07:30.116497,-584,-3312,-384,10.65280849128009,10.40500805820486,0.7963605002807022,0.20660067714790684,0.08356433587140112,0,0
2025-10-16T21:07:30.333425,4683,-2219,-1910,7.557444522715584,8.367960137466877,-2.042353729392194,0.3370917584180151,0.08356433587140112,0,0
2025-10-16T21:07:30.565115,2975,-530,195,8.147379693673965,8.210164559323049,-1.2902775051792774,0.18482217306443902,0.08356433587140112,0,0
2025-10-16T21:07:30.782627,-3395,802,4748,11.168478081298481,10.326439168730726,1.5376003268106182,0.3596039592079024,0.08356433587140112,0,0
2025-10-16T21:07:31.016497,-1743,2187,6911,9.74558876960829,9.910918994010943,0.10190522666260203,0.45504129858365644,0.08356433587140112,0,0
2025-10-16T21:07:31.500600,-986,-855,-2045,10.711861567371093,10.483885455815802,0.94893174453041,0.14806839577662,0.08356433587140112,0,0
2025-10-16T21:07:31.733113,-2198,-1238,-2260,11.476597319861717,11.19403699882578,1.5223618631996974,0.20672318192140504,0.08356433587140112,0,0
2025-10-16T21:07:31.948708,-29,47,-113,9.82660952674709,10.215826941686782,-0.11337838220987355,0.007676611702526644,0.08356433587140112,0,0
2025-10-16T21:07:32.199681,196,166,-140,9.682862844004397,9.834562961627649,-0.22842085389201214,0.017854426381712266,0.08356433587140112,1,0
2025-10-16T21:07:32.433114,237,96,-228,9.682226744882186,9.725586930116163,-0.20348613157205672,0.020910131444832582,0.08356433587140112,0,0
2025-10-16T21:07:32.657636,89,103,-437,9.791167993075042,9.772501341779051,-0.08399034530757062,0.027936438431508632,0.08356433587140112,0,0
2025-10-16T21:07:32.850388,-659,-17,-726,10.262849999295709,10.119565080041049,0.3458106526207719,0.05985324146906921,0.08356433587140112,0,1
2025-10-16T21:07:33.066184,-1875,-1646,-709,11.247990762579272,10.926801568945892,1.1823703728212385,0.15831091234756667,0.08356433587140112,0,0
2025-10-16T21:07:33.287170,-1951,-2257,-1555,11.513487378223301,11.346496193146676,1.2862340506877583,0.205340217957622,0.08356433587140112,0,0
2025-10-16T21:07:33.500791,1,-21,-18,9.812314402190605,10.248995895663706,-0.3686171305695517,0.0016892520145383358,0.08356433587140112,0,0
2025-10-16T21:07:33.750660,0,10,-11,9.806164045762705,9.932209391048492,-0.33293023924646853,0.0009073528288158268,0.08356433587140112,1,0
2025-10-16T21:07:34.267026,893,10,-1411,9.4792127128061,9.6081513217502,-0.5862155531901792,0.10192085281507457,0.08356433587140112,0,1
2025-10-16T21:07:34.500414,426,-660,-1147,9.828815216716956,9.766006597961532,-0.2101987014309415,0.08485170994436626,0.08356433587140112,0,0
2025-10-16T21:07:34.716642,773,-1466,-3353,10.047836938081527,9.967618221789152,0.007838060235464284,0.22828530662425794,0.08356433587140112,0,0
2025-10-16T21:07:34.949109,-43,-3,-35,9.835073444546952,9.872800297791713,-0.18204853916909605,0.003388962966772886,0.08356433587140112,0,0
2025-10-16T21:07:35.168029,-4,0,-40,9.813220870972048,9.830179247897945,-0.18113856885600868,0.0024535829153127173,0.08356433587140112,1,0
2025-10-16T21:07:35.399867,43,-6,-38,9.788341654221702,9.800250088409594,-0.18301894649526373,0.0035215751310428848,0.08356433587140112,0,0
2025-10-16T21:07:35.916735,-770,-469,-2417,10.595626360664605,10.36923461198863,0.5545757196759151,0.15745118485959203,0.08356433587140112,0,1
2025-10-16T21:07:36.133631,126,86,-102,9.7302695899818,9.912141257167429,-0.276086942583939,0.011200574810740894,0.08356433587140112,0,0
2025-10-16T21:07:36.366684,44,53,-146,9.78651569374979,9.822273098103695,-0.19529886023340112,0.009853161445354275,0.08356433587140112,1,0
2025-10-16T21:07:36.574490,8,43,-27,9.79548242552139,9.803107982664198,-0.16553090185358674,0.003137230780248144,0.08356433587140112,0,0
2025-10-16T21:07:36.816192,-145,-1313,13,10.178860962798655,10.071908596717039,0.19352816852379698,0.08063025978585639,0.08356433587140112,0,1
2025-10-16T21:07:37.316480,-405,-104,-1707,10.226755090217011,10.182680392916307,0.21447106682442538,0.10726726850235505,0.08356433587140112,0,0
2025-10-16T21:07:37.534109,251,430,-341,9.611506167952747,9.774082216671847,-0.35603693470127357,0.036833187093631425,0.08356433587140112,0,0
2025-10-16T21:07:37.750691,63,-5,-84,9.78357320251469,9.780871737866356,-0.16343238138999197,0.006415953381844677,0.08356433587140112,1,0
2025-10-16T21:07:37.966346,75,-21,-92,9.782584310096926,9.782096852480278,-0.1460660700974773,0.007357205178371173,0.08356433587140112,0,0
2025-10-16T21:07:38.600847,-2849,-982,1641,11.364521478970019,10.914108396714932,1.2755773246831976,0.2094315886532697,0.08356433587140112,0,1
2025-10-16T21:07:38.834428,1619,221,-893,8.987369193757074,9.535786179045683,-0.9786004066024571,0.11365413134018518,0.08356433587140112,0,0
2025-10-16T21:07:39.069336,503,414,-642,9.518307452931095,9.52328250625836,-0.39768728882809906,0.05582528441211908,0.08356433587140112,0,0
2025-10-16T21:07:39.267525,404,217,-344,9.579891126672727,9.563673291398342,-0.2988847465526054,0.03498975748668204,0.08356433587140112,0,0
2025-10-16T21:07:39.733365,1676,927,-2179,8.953194641363213,9.126958096386788,-0.8222537750933324,0.17706872141148683,0.08356433587140112,0,0
2025-10-16T21:07:39.966971,102,311,165,9.659747426872123,9.508097054071204,-0.10278468511772632,0.022371695322401432,0.08356433587140112,0,0
2025-10-16T21:07:40.183998,62,84,-107,9.766801914649843,9.693165514092756,0.0037931423361087404,0.009124500692110517,0.08356433587140112,1,0
2025-10-16T21:07:40.416869,392,-162,-2624,9.968409520553703,9.890065503880175,0.18247079222590426,0.1622351193209355,0.08356433587140112,0,1
2025-10-16T21:07:40.633525,42,79,15,9.763230917759094,9.799332452021783,-0.020172819328517586,0.005537069545918811,0.08356433587140112,0,0
2025-10-16T21:07:40.866843,20,36,-376,9.828512465671466,9.82020681896439,0.040073006118667084,0.02308646212786929,0.08356433587140112,1,0
2025-10-16T21:07:41.095891,4055,-15813,1535,11.493529038488356,11.017243340019672,1.514741542815678,1.000772258098745,0.08356433587140112,0,1
2025-10-16T21:07:41.299331,166,2060,251,9.177055182959272,9.700836730513604,-0.712230756253179,0.1270668840576127,0.08356433587140112,0,0
2025-10-16T21:07:41.516421,16,838,-483,9.641767091736607,9.658580365256157,-0.21988702853698444,0.05904308327913928,0.08356433587140112,0,0
2025-10-16T21:07:41.749896,-541,792,-617,9.962328108809675,9.875870937256769,0.08943522651270548,0.06960775260019327,0.08356433587140112,0,0
2025-10-16T21:07:42.233836,249,-97,-139,9.71160540532875,9.75836108854135,-0.14328211533156174,0.018384757655997206,0.08356433587140112,0,0
2025-10-16T21:07:42.467937,97,-11,-137,9.770168680297765,9.76680782903952,-0.07526123468330174,0.010267521130057328,0.08356433587140112,1,0
2025-10-16T21:07:42.951403,168,6,-92,9.722767508626156,9.735302915449852,-0.10896896265327721,0.011696476431845418,0.08356433587140112,0,0
2025-10-16T21:07:43.202624,488,2566,128,8.908163923180451,9.143596446616248,-0.8204693311673396,0.1596146240715631,0.08356433587140112,0,1
2025-10-16T21:07:43.432309,352,438,-1475,9.646733568235794,9.503523245322457,-0.07275679731433937,0.09633840182787938,0.08356433587140112,0,0
2025-10-16T21:07:43.651402,320,-89,-339,9.68633327859952,9.634299185362403,-0.029455588529371537,0.02896708196222323,0.08356433587140112,0,0
2025-10-16T21:07:43.900220,573,116,-409,9.507024079217658,9.543251000799486,-0.1854592866162846,0.04354788893938273,0.08356433587140112,0,0
2025-10-16T21:07:44.133800,929,2125,-2762,9.031854359669728,9.177415629085202,-0.5868795472028332,0.2201272489994972,0.08356433587140112,0,0
2025-10-16T21:07:44.665489,53,6,-93,9.785372379954875,9.612326745140386,0.1480357518616283,0.006543583627533252,0.08356433587140112,0,0
2025-10-16T21:07:44.899719,122,79,-541,9.774315968106146,9.728208201589668,0.12168762239139516,0.034190911766127846,0.08356433587140112,1,0
2025-10-16T21:07:45.132946,47,27,-283,9.804331163734862,9.782663921304325,0.13476744181424202,0.017586917797340083,0.08356433587140112,0,0
2025-10-16T21:07:45.365775,62,-70,-4,9.78998990295201,9.787904673792124,0.1069823788171679,0.0057125776156238236,0.08356433587140112,0,0
2025-10-16T21:07:45.620515,20,-958,-791,10.098450277764963,10.01005819872076,0.3690647138774553,0.07583713339010734,0.08356433587140112,0,1
2025-10-16T21:07:45.833234,-180,-462,-279,10.040216751437134,10.031632578480052,0.2761314821231126,0.03472492750543397,0.08356433587140112,0,0
2025-10-16T21:07:46.066012,-861,-2175,686,10.71045999025601,10.517242100608087,0.840725978617692,0.14878741230629175,0.08356433587140112,0,0
2025-10-16T21:08:09.468597,-48,308,944,10.358972485459477,2.080585563106927,10.230413320140514,0.06067717283403293,,0,0
2025-10-16T21:08:09.685364,-46,281,961,10.241729331434474,7.918783986749434,8.984184273615957,0.06117531514634184,,0,0
2025-10-16T21:08:09.918875,-156,367,891,10.206118512215744,9.555063557358823,7.9495975623608945,0.05958063004992603,,0,0
2025-10-16T21:08:10.150613,12,226,1007,10.37381798660711,10.140772001405415,7.2111208635848145,0.06299552580106166,,0,0
2025-10-16T21:08:10.368447,-177,266,958,10.246356161902142,10.216303237819343,6.292873262430867,0.06163792327452382,,0,0
2025-10-16T21:08:10.587657,142,-149,285,9.876093061806774,9.972928709727828,5.261438323019006,0.021457134663950543,,0,0
2025-10-16T21:08:10.818262,-1521,374,-7,8.91989017367287,9.219621563603292,3.824619565673301,0.09560073513512495,,0,0
2025-10-16T21:08:11.036376,-1889,1360,1530,9.193339233182845,9.200820098467267,3.6405798666307168,0.1700113543231821,,0,0
2025-10-16T21:08:11.267985,-1085,405,1056,9.715969968247231,9.56934039942814,3.6984497048037857,0.09565955746854397,,0,0
2025-10-16T21:08:11.468459,-43,9,-244,9.906622223981843,9.810620086728175,3.4549412398326864,0.01513204194698323,0.0703927390643671,0,0
2025-10-16T21:08:11.684140,6,30,-62,9.829507771509329,9.824131679544802,3.000742378851549,0.004219820805039943,0.0703927390643671,0,0
2025-10-16T21:08:25.663329,48,291,966,10.37364290431102,2.083532096820584,10.244901672980676,0.06164674663243175,,0,0
2025-10-16T21:08:25.869101,36,312,958,10.209041190947119,7.896238713842216,8.954983539578482,0.06153373026656098,,0,0
2025-10-16T21:08:26.074029,52,318,948,10.32692389988241,9.635066361577572,8.060014904092876,0.06111237790740612,,0,0
2025-10-16T21:08:26.286183,55,305,952,10.264602515071035,10.085414631781454,7.104869310107526,0.06110695240170707,,0,0
2025-10-16T21:08:26.519317,-19,260,916,10.303817400534381,10.241652376936848,6.346552843962407,0.058128320383785646,,0,0
2025-10-16T21:08:26.735685,-170,366,1144,10.356606232281074,10.323886367185475,5.684949812970862,0.07404125472258129,,0,0
2025-10-16T21:08:26.970391,-418,509,557,9.699616720924677,9.877305573097278,4.4666628889011095,0.052648049799890795,,0,0
2025-10-16T21:08:27.186292,-396,1531,-238,8.903268192055256,9.180513105767204,3.260578039426899,0.09760704708361362,,0,0
2025-10-16T21:08:27.402062,-1821,2801,-283,8.20667473664687,8.48386300464467,2.277753622174121,0.20464288756812085,,0,0
2025-10-16T21:08:27.626818,106,49,-222,9.869382075861656,9.475015162617657,3.50056676775031,0.015310094410862465,0.07477774611769605,0,0
2025-10-16T21:08:27.820230,41,37,-136,9.869621532806514,9.754592271722839,3.1214714548776765,0.008959079460003712,0.07477774611769605,0,0
2025-10-16T21:08:28.051891,-10,45,-135,9.870912562918242,9.837803762657499,2.7741522338742435,0.008706874156303165,0.07477774611769605,1,0
2025-10-16T21:08:28.220903,-30,10,-151,9.893038072180525,9.875356685003931,2.5278380933616775,0.00941624311462337,0.07477774611769605,0,0
2025-10-16T21:08:28.453439,1161,554,-1585,10.687026663535311,10.455997159390641,2.950993859521954,0.12459340127666994,0.07477774611769605,0,1
2025-10-16T21:08:28.660957,666,980,122,9.56853857093429,9.821140149239522,1.627933597680705,0.07270206934516858,0.07477774611769605,0,0
2025-10-16T21:08:28.853991,508,1589,413,9.216579904760247,9.393055881284779,1.1379558618117114,0.10489445200859472,0.07477774611769605,0,0
2025-10-16T21:08:29.055818,1257,2089,407,9.173042198896617,9.235665744539084,0.9722425534153947,0.1508645232915896,0.07477774611769605,0,0
2025-10-16T21:08:29.285584,2307,427,1322,9.303180880439232,9.283963724720977,0.9793166724142282,0.1643678230996079,0.07477774611769605,0,0
2025-10-16T21:08:29.486571,-4,-14,-119,9.871313550550093,9.704133363269687,1.3746995075700645,0.007317349073250031,0.07477774611769605,0,0
2025-10-16T21:08:29.685293,-17,1,-53,9.831386351238645,9.794999393789592,1.1866111869555656,0.003397745522391792,0.07477774611769605,1,0
2025-10-16T21:08:30.168754,-31,11,-257,9.930665403841518,9.892050139188889,1.1423396104363754,0.015813995795688283,0.07477774611769605,0,0
2025-10-16T21:08:30.385343,-539,1073,-1160,10.02646167141456,9.988203474779509,1.0999163171487016,0.10190221019412514,0.07477774611769605,0,1
2025-10-16T21:08:30.586147,592,84,81,9.809055677003013,9.86004737065146,0.7839910960268445,0.036828079194472146,0.07477774611769605,0,0
2025-10-16T21:08:30.786818,1959,-11,-1629,10.86638385243245,10.57994549135222,1.63576320477139,0.15550726552453586,0.07477774611769605,0,0
2025-10-16T21:08:31.035368,2785,10,-2878,11.593787086619457,11.305212509228241,2.099353853251929,0.24443958288849826,0.07477774611769605,0,0
2025-10-16T21:08:31.267890,-94,4,-247,9.922013537209777,10.315720069533478,0.379847286102076,0.016132343460912545,0.07477774611769605,0,0
2025-10-16T21:08:31.736780,12,1,-8,9.811814972623349,9.955243888013026,0.23954642940335721,0.0008823750179932227,0.07477774611769605,1,0
2025-10-16T21:08:31.936975,-15,-12,-61,9.839451162866986,9.87240979948239,0.2373556313388972,0.0039033879285447952,0.07477774611769605,0,0
2025-10-16T21:08:32.137019,5151,-11327,-15999,21.850600259613646,18.44119067720964,10.8811403097002,1.23707546377966,0.07477774611769605,0,1
2025-10-16T21:08:32.337230,39,13,-185,9.901922016111413,12.332494855704706,-0.9483631105592878,0.011566927036566784,0.07477774611769605,0,0
2025-10-16T21:08:32.575030,223,704,-873,10.060651612027277,10.707297209331358,-0.7014826100671118,0.0697905452600221,0.07477774611769605,0,0
2025-10-16T21:08:32.771010,-851,1807,-948,9.674654530792589,9.9728685218977,-0.9682512935954968,0.1349436648145729,0.07477774611769605,0,0
2025-10-16T21:08:33.003935,-850,354,-2324,10.814041414925843,10.574614355263174,0.15203083265787248,0.1525731438186499,0.07477774611769605,0,0
2025-10-16T21:08:33.219616,-655,781,-1517,10.28805634834035,10.369620723023582,-0.3322077738552561,0.1115504103609434,0.07477774611769605,0,0
2025-10-16T21:08:33.452632,1490,-488,-662,10.434858911741836,10.416289854379205,-0.16470746053361582,0.10387616976964135,0.07477774611769605,0,0
2025-10-16T21:08:33.936420,-563,-958,29,10.024828795350771,10.136252226981107,-0.5105766258500712,0.06784446797810254,0.07477774611769605,0,0
2025-10-16T21:08:34.168765,618,-1837,-1403,11.128299831969573,10.845928582162983,0.5267065177040536,0.14603739890947526,0.07477774611769605,0,0
2025-10-16T21:08:34.394410,366,154,-375,9.986708977598084,10.231272758992562,-0.5462415935696868,0.033335310410438565,0.07477774611769605,0,0
2025-10-16T21:08:34.619848,115,203,-67,9.792971746114475,9.917727457610113,-0.6573711322615057,0.014815710588975182,0.07477774611769605,1,0
2025-10-16T21:08:34.835806,297,35,15,9.818332544163537,9.846623793286257,-0.5614557267531047,0.01827582564126165,0.07477774611769605,0,0
2025-10-16T21:08:35.069751,601,432,-115,9.794499483766735,9.809335875034979,-0.5199499494880631,0.04571732846473049,0.07477774611769605,0,1
2025-10-16T21:08:35.296979,-78,-34,-478,10.056616369913264,9.986231741151034,-0.2290498147309413,0.02963343264481245,0.07477774611769605,0,0
2025-10-16T21:08:35.503254,1320,-443,-2010,11.093445386602728,10.7782938764363,0.7176025997372605,0.149239993455638,0.07477774611769605,0,0
2025-10-16T21:08:35.717657,1075,-1043,-1871,11.171656445300714,11.05969177784036,0.7069728321983682,0.14628224732601547,0.07477774611769605,0,0
2025-10-16T21:08:35.921292,1750,-469,-2810,11.535118958156287,11.399795848234167,0.9509370686926936,0.2040671086776718,0.07477774611769605,0,0
2025-10-16T21:08:36.153155,230,32,-386,10.013926170956685,10.408392878878878,-0.506595100645597,0.02749428863171207,0.07477774611769605,0,0
2025-10-16T21:08:36.618867,10,39,-173,9.886906588056346,10.035339722672171,-0.5628809742091044,0.01084125956319068,0.07477774611769605,1,0
2025-10-16T21:08:36.852366,-42,-14,-32,9.824165260846048,9.884272856906188,-0.5557808233532916,0.003334106514586832,0.07477774611769605,0,0
2025-10-16T21:08:37.069160,-1286,999,197,9.329127368057964,9.48714108103133,-0.9335103463017139,0.1001163744288786,0.07477774611769605,0,1
2025-10-16T21:08:37.302324,-774,124,37,9.694371842904657,9.63538676100506,-0.5048273905906078,0.04789688921933359,0.07477774611769605,0,0
2025-10-16T21:08:37.503105,-784,501,157,9.524619008237256,9.55614736295535,-0.5992733189995536,0.05759034905661219,0.07477774611769605,0,0
2025-10-16T21:08:37.718328,818,-83,-2356,11.149423640754415,10.695921801138017,0.91104590822331,0.15230380048001896,0.07477774611769605,0,0
2025-10-16T21:08:37.952303,3039,-96,-4690,12.530587209088846,12.00837762800124,2.03631818637079,0.34114687011891226,0.07477774611769605,0,0
2025-10-16T21:08:38.153790,7422,353,-7432,13.997280670445482,13.431169694505334,3.111952200829486,0.6414365657885827,0.07477774611769605,0,0
2025-10-16T21:08:38.636704,8583,513,-9343,14.826185380701949,14.429115400561516,3.5009185155191016,0.7749847651914634,0.07477774611769605,0,0
2025-10-16T21:08:38.869485,7790,349,-8671,14.240290726196154,14.294036795464159,2.58960455516495,0.7117655563875334,0.07477774611769605,0,0
2025-10-16T21:08:39.069812,11542,302,-11599,15.354922392921528,15.052957456410917,3.290713027055528,0.9989010184897055,0.07477774611769605,0,0
2025-10-16T21:08:39.270710,6217,-218,-6255,12.75086594000045,13.406121247698639,0.6100015221125522,0.538438152095867,0.07477774611769605,0,0
2025-10-16T21:08:39.502469,3289,212,-3764,11.451493786041716,12.007848739653808,-0.6124125954170575,0.30535981389541056,0.07477774611769605,0,0
2025-10-16T21:08:39.720095,259,465,-292,9.807743343464848,10.433969854475194,-2.0042957996072452,0.03705442274957347,0.07477774611769605,0,0
2025-10-16T21:08:39.920959,20,188,1035,9.217442736844264,9.563708662896317,-2.304948087130436,0.06421667132760843,0.07477774611769605,0,0
2025-10-16T21:08:40.153770,1157,2838,-1710,9.754664106972086,9.7003115465406,-1.5703861707140436,0.21420638302609776,0.07477774611769605,0,0
2025-10-16T21:08:40.370092,158,573,-1210,10.247793609802494,10.091961174269576,-0.9569968917041889,0.08228193308006682,0.07477774611769605,0,0
2025-10-16T21:08:40.605558,538,376,-1471,10.402647896017266,10.314215649946547,-0.7125952459082784,0.09831513337781467,0.07477774611769605,0,0
2025-10-16T21:08:40.834900,491,-132,-581,10.10148177355102,10.162033233230925,-0.9005899033980288,0.04712238201792222,0.07477774611769605,0,0
2025-10-16T21:08:41.053228,2434,599,-2010,10.45028767837078,10.36824043837226,-0.49018547508174054,0.1961048932347917,0.07477774611769605,0,0
2025-10-16T21:08:41.253997,-143,79,103,9.741590887050187,9.919957142971553,-1.0650447907835474,0.011787688613224007,0.07477774611769605,0,0
2025-10-16T21:08:41.453859,-20,-5,-55,9.837605119213917,9.861056945081856,-0.8609189421791851,0.0035850037000948274,0.07477774611769605,1,0
2025-10-16T21:08:41.686846,15,4,-49,9.828908008740092,9.838058714098512,-0.7725362805133205,0.003137230780248144,0.07477774611769605,0,0
2025-10-16T21:08:41.913283,128,591,-1188,10.214086609668263,10.107055993092754,-0.34411492301923496,0.08136261050371668,0.07477774611769605,0,1
2025-10-16T21:08:42.117413,295,719,-1231,10.179024815245269,10.158539985529309,-0.3368472443170881,0.08885484127595053,0.07477774611769605,0,0
2025-10-16T21:08:42.352405,807,2577,-2593,10.246822409661862,10.221694161468012,-0.2390142352747887,0.22850169440951756,0.07477774611769605,0,0
2025-10-16T21:08:42.566429,59,38,53,9.762906801574303,9.893493639904666,-0.6422254172509755,0.005367624723125159,0.07477774611769605,0,0
2025-10-16T21:08:42.788236,9,11,-65,9.835746913719426,9.852183640307112,-0.5058218560288381,0.004061017132602483,0.07477774611769605,1,0
2025-10-16T21:08:43.003363,678,306,1274,9.001397677836083,9.24356095138548,-1.1905608083460995,0.09004280595589698,0.07477774611769605,0,1
2025-10-16T21:08:43.487367,1313,-1479,-2572,11.429028020324125,10.806968086340895,1.0989690148046225,0.19802681258871838,0.07477774611769605,0,0
2025-10-16T21:08:43.689306,40,-6,-109,9.859741648088825,10.129355235051912,-0.41781337966552856,0.007096108015265107,0.07477774611769605,0,0
2025-10-16T21:08:43.903413,-14,-3,-35,9.82675486904262,9.91288545704295,-0.40047498755745425,0.002308065234520146,0.07477774611769605,1,0
2025-10-16T21:08:44.139082,-468,590,68,9.644565081688746,9.720938392159287,-0.5176188694112535,0.04615113517092513,0.07477774611769605,0,1
2025-10-16T21:08:44.354066,-628,1070,77,9.510106415477663,9.570116528354731,-0.5792827218852837,0.07587072556630278,0.07477774611769605,0,0
2025-10-16T21:08:44.854255,16,5,-83,9.845256531990605,9.766942118138102,-0.2168788102875897,0.005168203889164196,0.07477774611769605,0,0
2025-10-16T21:08:45.086654,5,-3,-21,9.817631858842178,9.803203795750237,-0.21720828530011,0.0013302303904848248,0.07477774611769605,1,0
2025-10-16T21:08:45.303548,-284,527,-18,9.688232037186088,9.720956998160716,-0.3079144375575934,0.03655537111931672,0.07477774611769605,0,0
2025-10-16T21:08:45.504229,179,903,-189,9.608507560269897,9.640514581059639,-0.34436476219153916,0.057359117480858327,0.07477774611769605,0,1
2025-10-16T21:08:46.003055,2965,1316,807,8.674672735384165,8.949584914706504,-1.1355075055730912,0.2040284861013577,0.07477774611769605,0,0
2025-10-16T21:08:46.204168,454,89,-275,9.868257548348046,9.606771367221196,0.05159383488498185,0.03284927759377784,0.07477774611769605,0,0
2025-10-16T21:08:46.437030,140,189,-24,9.746438005801808,9.706684023136075,-0.06238604591938256,0.014430265133154194,0.07477774611769605,1,0
2025-10-16T21:08:46.653882,269,149,-240,9.853656336194943,9.811822904495987,0.039827422905321645,0.02380856195561928,0.07477774611769605,0,0
2025-10-16T21:08:47.153719,894,-706,798,9.501488220821154,9.58982026461316,-0.27747247314076995,0.08489101645879503,0.07477774611769605,0,1
2025-10-16T21:08:47.402453,325,-721,770,9.590990575354036,9.590657464216122,-0.16698603462294637,0.06737037212139954,0.07477774611769605,0,0
2025-10-16T21:08:47.630385,-404,-2624,708,10.26602331418165,10.073790705411154,0.4513308028249254,0.1677063067138039,0.07477774611769605,0,0
2025-10-16T21:08:47.854398,-1985,-2439,-20,10.792493532687281,10.587925713000999,0.8686439973092872,0.19193927350058698,0.07477774611769605,0,0
2025-10-16T21:08:48.102418,112,20,-19,9.794851257572232,10.020587829126884,-0.11459752775338054,0.007040240579769683,0.07477774611769605,0,0
2025-10-16T21:08:48.587183,45,18,-180,9.884644610624207,9.923338778442673,-0.02203515540745424,0.01137761453826122,0.07477774611769605,1,0
2025-10-16T21:08:48.819741,157,54,-151,9.844261665721104,9.866769762145111,-0.05545004246818553,0.0136977359871014,0.07477774611769605,0,0
2025-10-16T21:08:49.036461,1219,584,434,9.250247759382928,9.425731362768314,-0.5769609033868197,0.08664784754788825,0.07477774611769605,0,1
2025-10-16T21:08:49.269510,1090,1280,1460,8.541861323742538,8.793441476077271,-1.141857316720886,0.13590570933115362,0.07477774611769605,0,0
2025-10-16T21:08:49.487664,2166,1932,1695,8.081479524192881,8.284128656308543,-1.4233728133241936,0.20514718663982556,0.07477774611769605,0,0
2025-10-16T21:08:49.718963,-618,420,-633,10.064340564105873,9.55763034294552,0.49702963996729244,0.05977124580430673,0.07477774611769605,0,0
2025-10-16T21:08:49.920213,36,-8,-166,9.885378881423325,9.792090248935434,0.28256037353679375,0.010378848407714832,0.07477774611769605,0,0
2025-10-16T21:08:50.135942,42,23,-66,9.82599846158798,9.816347005007408,0.1982652123217527,0.004976892122044968,0.07477774611769605,1,0
2025-10-16T21:08:50.605226,119,7,-270,9.919985611777037,9.890486459947429,0.25962670815072736,0.01801416214812716,0.07477774611769605,0,0
2025-10-16T21:08:50.837239,-387,246,-721,10.131166912511906,10.062660885328425,0.4182492571414049,0.05215296064898716,0.07477774611769605,0,1
2025-10-16T21:08:51.069813,691,629,1066,8.993219052008216,9.297619390814122,-0.6393548974123889,0.08652103153784431,0.07477774611769605,0,0
2025-10-16T21:08:51.285885,-178,988,3180,7.967819960194102,8.34632712590681,-1.4789088252030251,0.2035339713293202,0.07477774611769605,0,0
2025-10-16T21:08:51.520429,-79,159,-271,9.894527235074587,9.453855640709431,0.3978083749466986,0.019774166116361465,0.07477774611769605,0,0
2025-10-16T21:08:51.738476,-13,22,-185,9.890453101698021,9.766182280316254,0.3497796361570776,0.011398713744530768,0.07477774611769605,1,0
2025-10-16T21:08:52.239657,126,5,-34,9.805712047090362,9.79446050070041,0.23545094338824527,0.007971340955000286,0.07477774611769605,0,0
2025-10-16T21:08:52.454854,-14870,4478,-12806,16.410721670626806,14.527503641366366,6.076824303378674,1.2285560091837615,0.07477774611769605,0,1
2025-10-16T21:08:52.686985,1002,248,145,9.51735465033327,10.943417296118986,-0.7253877978461716,0.06362115091586067,0.07477774611769605,0,0
2025-10-16T21:08:52.904479,881,962,-1309,9.985205996639268,10.257946257139196,-0.22878631525081994,0.11279267150047075,0.07477774611769605,0,0
2025-10-16T21:08:53.107076,868,2438,-3001,10.309648078511476,10.294931942063227,0.08497721486383741,0.24186615236497588,0.07477774611769605,0,0
2025-10-16T21:08:53.354632,-4,-126,-41,9.869269814636857,9.990428059777837,-0.31572577766440496,0.00809101516590293,0.07477774611769605,0,0
2025-10-16T21:08:53.870825,83,42,-78,9.817817097127689,9.866948180161156,-0.32618844613147224,0.0074094266396552725,0.07477774611769605,1,0
2025-10-16T21:08:54.103599,174,28,-24,9.784275857878805,9.807807275977993,-0.3195711857964683,0.010856025234041285,0.07477774611769605,0,0
2025-10-16T21:08:54.320743,-11,-454,436,9.759658999557866,9.77336367352756,-0.3057645389461479,0.03842467280095311,0.07477774611769605,0,1
2025-10-16T21:08:54.569861,1517,-965,1,9.926550980916073,9.882948545685856,-0.12336949022164388,0.10973630561091718,0.07477774611769605,0,0
2025-10-16T21:08:54.782917,1658,-1442,-1145,10.610757221795959,10.40359756084836,0.4982276212667568,0.15123118782094203,0.07477774611769605,0,0
2025-10-16T21:08:55.008946,3394,-788,-1119,10.111747630987077,10.194818270981065,-0.0006946742067430377,0.22336149623646803,0.07477774611769605,0,0
2025-10-16T21:08:55.256622,249,-20,164,9.702164043926869,9.84239057047285,-0.3644767607125953,0.01823889382012389,0.07477774611769605,0,0
2025-10-16T21:08:55.481668,86,45,43,9.75901248610847,9.782744788641192,-0.2732861660654386,0.006479507825727643,0.07477774611769605,1,0
2025-10-16T21:08:56.133765,1337,25,721,9.273301749759371,9.418306956032712,-0.6742661225303097,0.09272594240022877,0.07477774611769605,0,1
2025-10-16T21:08:56.402940,-1241,1303,-762,9.886690826831712,9.753372487750294,-0.054081023600314845,0.11926922345914291,0.07477774611769605,0,0
2025-10-16T21:08:56.607101,-885,960,-214,9.70205308861635,9.716660374395689,-0.21206934230251023,0.08075624698798041,0.07477774611769605,0,0
2025-10-16T21:08:56.831482,-569,441,-994,10.199965063189913,10.062399740390916,0.25393252950325756,0.07490876330701646,0.07477774611769605,0,0
2025-10-16T21:08:57.056902,152,647,-611,9.850083079571018,9.910515785188178,-0.08523811649249108,0.05510207122347224,0.07477774611769605,0,0
2025-10-16T21:08:57.573325,392,-33,-816,10.14813468390014,10.08050008141779,0.18905600906838266,0.055290204797328546,0.07477774611769605,0,0
2025-10-16T21:08:57.800571,482,0,-885,10.157179956673207,10.13535419740318,0.17598620330411452,0.06150784370560147,0.07477774611769605,0,0
2025-10-16T21:08:58.024401,1785,-74,-2132,10.589354414270783,10.460130163332888,0.5402685167714846,0.16977348644734588,0.07477774611769605,0,0
2025-10-16T21:08:58.223584,1466,561,-1442,10.04874034441022,10.166179382406018,-0.00030711725145448325,0.13009570177709334,0.07477774611769605,0,0
2025-10-16T21:08:58.451541,2239,-122,-2555,10.701167577826956,10.54889133159325,0.5793205489403034,0.20748389442974804,0.07477774611769605,0,0
2025-10-16T21:08:58.677473,8731,491,-5681,10.681138908228476,10.643496648612501,0.49685521198680266,0.6364805179580687,0.07477774611769605,0,0
2025-10-16T21:08:58.901390,8162,-120,-5126,10.531848622036918,10.563627533294865,0.30876444172297857,0.5883121690059239,0.07477774611769605,0,0
2025-10-16T21:08:59.127434,7055,-92,-4831,10.469320688945581,10.49616369665037,0.2187478438611318,0.5219132235228862,0.07477774611769605,0,0
2025-10-16T21:08:59.352491,898,1481,853,8.781934267010772,9.269863580149124,-1.304686799492791,0.11783696449306211,0.07477774611769605,0,0
2025-10-16T21:08:59.575106,-926,1327,-521,9.877901956754743,9.704833088417024,-0.1854187077452025,0.10375700105462267,0.07477774611769605,0,0
2025-10-16T21:08:59.802152,-572,-11,-929,10.379043695089832,10.18713990873749,0.28047722322994767,0.06659117363144267,0.07477774611769605,0,0
2025-10-16T21:09:00.024633,-582,226,-663,10.186105664927343,10.186400046684637,0.07776673671691768,0.05558453282654321,0.07477774611769605,0,0
2025-10-16T21:09:00.206845,-702,191,-582,10.182810849918868,10.183901876237895,0.06682169459119744,0.05686462438702666,0.07477774611769605,0,0
2025-10-16T21:09:00.452714,-721,131,-693,10.257328150924382,10.236428479529977,0.12556058690114902,0.06155936388073451,0.07477774611769605,0,0
2025-10-16T21:09:00.678532,-731,151,-684,10.249434914719439,10.245732830926777,0.10453153109050804,0.061793928594553967,0.07477774611769605,0,0
2025-10-16T21:09:00.902497,-723,166,-711,10.256433859741806,10.25338797478072,0.09907974780049313,0.0627151006445647,0.07477774611769605,0,0
2025-10-16T21:09:01.127559,-711,167,-693,10.244891847734003,10.247310140969764,0.07776544212532656,0.061450582085514904,0.07477774611769605,0,0
2025-10-16T21:09:01.353136,-727,164,-716,10.260227797907136,10.256550983492549,0.08270799865922228,0.06307861592704377,0.07477774611769605,0,0
2025-10-16T21:09:01.579886,-719,181,-700,10.245956061794242,10.248971744979716,0.06079636588869296,0.062235570855399235,0.07477774611769605,0,0
